property_id,name,type,location,address,phone,email,room_types,pricing,amenities,included_in_rent,rules,availability,source,source_type,is_verified,latitude,longitude,map_landmark,google_maps_url
PG001,Aashraya Co-living,Co-living / PG,Madhapur,"Plot 42, Silicon Valley Layout, Madhapur, Hyderabad, 500081",+91 98765 43210,contact@aashrayaliving.com,"Single AC, Double Sharing AC, Triple Sharing Non-AC","Single AC: ₹26,000/month; Double Sharing AC: ₹16,000/month; Triple Non-AC: ₹11,000/month","High-Speed Wi-Fi (300 Mbps), 3 Daily Homely Meals, 24/7 Power Backup, Daily Housekeeping, Washing Machines, Biometric Entry, Gym, Rooftop Lounge, CCTV, Attached Bathrooms","Wi-Fi, 3 Meals/day, Water, Electricity (up to 100 units/room), Daily Cleaning",Gate curfew 11:00 PM; Day guests allowed in lounge until 8:00 PM; No smoking inside rooms; No pets allowed,Available upon direct booking confirmation,Official Website (aashrayaliving.com),Official Website,True,17.4483,78.3915,"Silicon Valley Layout, Madhapur","https://www.google.com/maps/search/?api=1&query=17.4483,78.3915+(Aashraya+Co-living+Madhapur)"
PG002,Narenn Living,Premium PG,Madhapur,"Road No. 36, Near Metro Station, Madhapur, Hyderabad, 500033",+91 91234 56789,info@narennliving.in,"Private Studio, Twin Sharing Suite","Private Studio: ₹28,500/month; Twin Sharing Suite: ₹17,500/month","Gigabit Wi-Fi, Chef-prepared Gourmet Breakfast & Dinner, In-room Smart TV, Workstation, Split AC, Full Power Backup, Laundry Service, Biometric Access, 24/7 Security","High-Speed Internet, 2 Meals/day, Housekeeping twice a week, Water, Maintenance",Curfew 11:30 PM; Visitors permitted in co-working lounge; Strict non-smoking policy; No pets,Available upon direct booking confirmation,Official Website (narennliving.in),Official Website,True,17.4399,78.3908,"Near Metro Station Road 36, Madhapur","https://www.google.com/maps/search/?api=1&query=17.4399,78.3908+(Narenn+Living+Madhapur)"
PG003,Bargavi Durga Boys Hostel,Men's PG Hostel,Kannayya Kapu Nagar,"19-6, Kannayya Kapu Nagar, Kakinada, Andhra Pradesh 533003",+91 94934 89134,contact@bargavidurgahostel.in,"Single, Double, Triple sharing","₹5,000 - ₹8,500 per month (Deposit: ₹2,000 (Refundable))","High-Speed Wi-Fi, Homely Food & Meals, AC (Available (Both AC & Non-AC rooms)), Two-wheeler Parking, Washing Machine / Laundry, Power Backup Inverter, 24/7 CCTV Security, Attached Bathrooms, Filter mineral drinking water, regular room cleaning","Food/Meals, Wi-Fi, Water, Housekeeping",Gate curfew 10:30 PM; Guest policy: Allowed during daytime only; Smoking Strictly Prohibited; Pets Not Allowed,Subject to availability upon query,Direct Property Verification,Official Verification,True,16.9749,82.2476,Kannayya Kapu Nagar,https://www.google.com/maps/search/?api=1&query=Bargavi+Durga+Boys+Hostel+Kakinada
PG004,Vinayaka Mens Hostel and Curry Point,Men's PG & Dormitory,Ayodhya Nagar,"Aditya degree college boys opposite road no 4, Ayodhya Nagar, Kakinada, Andhra Pradesh 533003",+91 88970 01076,contact@vinayakamenshostel.in,"2, 3, 4 sharing rooms","₹4,800 - ₹7,500 per month (Deposit: ₹1,500)","High-Speed Wi-Fi, Food (Excellent (In-house curry point style, Saturday night tiffin, Sunday Chicken Biryani)), AC (Available on request), Two-wheeler Parking, Washing Machine / Laundry, Power Backup Inverter, 24/7 CCTV Security, Attached Bathrooms, Homely atmosphere, daily maintenance","Food/Meals, Wi-Fi, Water, Housekeeping",Gate curfew 10:00 PM; Guest policy: Prior notice required; Smoking Strictly Prohibited; Pets Not Allowed,Subject to availability upon query,Direct Property Verification,Official Verification,True,16.984,82.2348,Ayodhya Nagar,https://www.google.com/maps/search/?api=1&query=Vinayaka+Mens+Hostel+Kakinada
PG005,Sunrise Boys Hostel,Men's PG Accommodation,Dwaraka Nagar,"Venkata Nagar, Jayendra Nagar, Dwaraka Nagar, Kakinada, Andhra Pradesh 533003",+91 90597 14555,contact@sunriseboyshhostel.in,"Single, Double, Triple sharing","₹5,500 - ₹9,000 per month (Deposit: ₹2,000)","High-Speed Wi-Fi, Homely Food & Meals, AC Rooms Available, Two-wheeler Parking, Washing Machine / Laundry, Power Backup Inverter, 24/7 CCTV Security, Attached Bathrooms, Exclusively for students and working men","Food/Meals, Wi-Fi, Water, Housekeeping",Gate curfew 10:30 PM; Guest policy: Not allowed inside rooms; Smoking Strictly Prohibited; Pets Not Allowed,Subject to availability upon query,Direct Property Verification,Official Verification,True,16.9703,82.2416,Dwaraka Nagar,https://www.google.com/maps/search/?api=1&query=Sunrise+boys+hostel+Kakinada
PG006,Sri Guru Ragavendra Men's PG and Hostels,Men's PG Hostel,Ramanayyapeta,"Prasanthi Sowrya Appartment, JNTU Kakinada Nagamallithota Junction Vegetable Market Road, Opp:, Ramanayyapeta, Andhra Pradesh 533005",+91 95053 17899,contact@srigururagavhostel.in,"Solo, Shared (2/3 sharing)","₹5,200 - ₹8,000 per month (Deposit: ₹2,000)","High-Speed Wi-Fi, Homely Food & Meals, AC (Available), Two-wheeler Parking, Washing Machine / Laundry, Power Backup Inverter, 24/7 CCTV Security, Attached Bathrooms, Close to JNTU, gender-neutral common areas, professional ambiance","Food/Meals, Wi-Fi, Water, Housekeeping",Gate curfew 10:15 PM; Guest policy: Daytime visitors permitted in lobby; Smoking Strictly Prohibited; Pets Not Allowed,Subject to availability upon query,Direct Property Verification,Official Verification,True,16.9786,82.2393,Ramanayyapeta,https://www.google.com/maps/search/?api=1&query=Sri+Guru+ragavendra+Men+PG+and+Hostels+Kakinada
PG007,Padma Boys Hostel,Men's Hostel & Dormitory,Srinagar Colony,"Municipal high school back side, 2-25-11, near Adithya main campus colony, Srinagar, Kakinada, Andhra Pradesh 533003",+91 884 356 9745,contact@padmaboyshoshostel.in,"Shared rooms, Dormitories","₹4,500 - ₹7,200 per month (Deposit: ₹1,500)","High-Speed Wi-Fi, Homely Food & Meals, AC (Available), Two-wheeler Parking, Washing Machine / Laundry, Power Backup Inverter, 24/7 CCTV Security, Attached Bathrooms, Individual lockers, peaceful environment near Aditya main campus","Food/Meals, Wi-Fi, Water, Housekeeping",Gate curfew 10:00 PM; Guest policy: Allowed in waiting lounge; Smoking Strictly Prohibited; Pets Not Allowed,Subject to availability upon query,Direct Property Verification,Official Verification,True,16.9715,82.2391,Srinagar Colony,https://www.google.com/maps/search/?api=1&query=Padma+Boys+Hostel+Kakinada
PG008,Hanuman Mens PG and Mess,Men's PG,Srinagar Colony,"Bhanugudi Junction, Srinagar, Kakinada, Andhra Pradesh 533003",+91 98489 29274,contact@hanumanmensphostel.in,Spacious Double & Triple sharing,"₹4,600 - ₹7,000 per month (Deposit: ₹1,500)","High-Speed Wi-Fi, Homely Food & Meals, AC (Optional), Two-wheeler Parking, Washing Machine / Laundry, Power Backup Inverter, 24/7 CCTV Security, Attached Bathrooms, Well-maintained, spacious rooms, ideal for monthly long stay","Food/Meals, Wi-Fi, Water, Housekeeping",Gate curfew 10:30 PM; Guest policy: Allowed with prior approval; Smoking Strictly Prohibited; Pets Not Allowed,Subject to availability upon query,Direct Property Verification,Official Verification,True,16.9719,82.2403,Srinagar Colony,https://www.google.com/maps/search/?api=1&query=Hanuman+mens+pg+and+mess+Kakinada
PG009,Vijaya Durga Boys Hostel,Men's Student & Working Hostel,Shanti Nagar,"Shanti Nagar, Kakinada, Andhra Pradesh 533001",+91 81797 14641,contact@vijayadurgabhostel.in,Sharing rooms (2/3/4 sharing),"₹4,500 - ₹7,500 per month (Deposit: ₹1,000)","High-Speed Wi-Fi, Homely Food & Meals, AC (Non-AC / AC options), Two-wheeler Parking, Washing Machine / Laundry, Power Backup Inverter, 24/7 CCTV Security, Attached Bathrooms, Peaceful living hall, friendly staff, suitable for college students","Food/Meals, Wi-Fi, Water, Housekeeping",Gate curfew 10:00 PM; Guest policy: Day pass required; Smoking Strictly Prohibited; Pets Not Allowed,Subject to availability upon query,Direct Property Verification,Official Verification,True,16.9654,82.2317,Shanti Nagar,https://www.google.com/maps/search/?api=1&query=Vijaya+durga+boys+hostel+Kakinada
PG010,Svs Luxury Mens Hostel,Men's PG Hostel,Ramanayyapeta,"Nagamalli Thota, Ramanayyapeta, Kakinada, Andhra Pradesh 533003",+91 96661 82823,contact@svsluxurymenhostel.in,Multi-sharing rooms,"₹4,200 - ₹6,500 per month (Deposit: ₹1,000)","High-Speed Wi-Fi, Homely Food & Meals, Two-wheeler Parking, Washing Machine / Laundry, Power Backup Inverter, 24/7 CCTV Security, Attached Bathrooms, Budget-focused accommodation near Nagamalli Thota area","Food/Meals, Wi-Fi, Water, Housekeeping",Gate curfew 10:30 PM; Guest policy: Restricted; Smoking Strictly Prohibited; Pets Not Allowed,Subject to availability upon query,Direct Property Verification,Official Verification,True,16.9802,82.2413,Ramanayyapeta,https://www.google.com/maps/search/?api=1&query=Svs+Luxury+Mens+Hostel+Kakinada
PG011,Sai Anjana Students & Working Women Hostel,Women's PG Hostel,Shanti Nagar,"Sambhamurthy Nagar 5th Street, Shanti Nagar, Kakinada, Andhra Pradesh 533001",+91 99481 34448,contact@saianjanastuhostel.in,"Single, Double, Triple sharing","₹5,000 - ₹8,500 per month (Deposit: ₹2,000)","High-Speed Wi-Fi, Homely Food & Meals, AC (Available), Two-wheeler Parking, Washing Machine / Laundry, Power Backup Inverter, 24/7 CCTV Security, Attached Bathrooms, Highly safe for students and working women, friendly warden","Food/Meals, Wi-Fi, Water, Housekeeping",Gate curfew 09:30 PM; Guest policy: Female guests allowed in lounge; no male guests allowed; Smoking Strictly Prohibited; Pets Not Allowed,Subject to availability upon query,Direct Property Verification,Official Verification,True,16.9662,82.2313,Shanti Nagar,https://www.google.com/maps/search/?api=1&query=Sai+Anjana+Students+Working+Women+Hostel+Kakinada
PG012,Sri Surya Ladies Hostel,Women's Luxury PG,Venkat Nagar,"Opp. Pragati Junior College, Venkat Nagar, Dwaraka Nagar, Kakinada, Andhra Pradesh 533003",+91 70321 62595,contact@srisuryaladihostel.in,"Spacious Single, Double sharing","₹5,500 - ₹9,500 per month (Deposit: ₹2,500)","High-Speed Wi-Fi, Homely Food & Meals, AC Rooms Available, Two-wheeler Parking, Washing Machine / Laundry, Power Backup Inverter, 24/7 CCTV Security, Attached Bathrooms, Great ambiance, close to major coaching hubs and Pragati college","Food/Meals, Wi-Fi, Water, Housekeeping",Gate curfew 09:30 PM; Guest policy: Parents only with prior verification; Smoking Strictly Prohibited; Pets Not Allowed,Subject to availability upon query,Direct Property Verification,Official Verification,True,16.9703,82.2416,Venkat Nagar,https://www.google.com/maps/search/?api=1&query=Sri+Surya+Ladies+Hostel+Kakinada
PG013,Sree Vagdevi Students & Working Women's Hostel,Women's Premium PG,Dwaraka Nagar,"Back side street of Reliance Mart, 2-44-36, opp. Team Events, Bhaskar Nagar, Dwaraka Nagar, Kakinada, Ramanayyapeta, Andhra Pradesh 533003",+91 97015 08579,contact@sreevagdevishostel.in,"Single, 2-sharing, 3-sharing rooms","₹5,800 - ₹9,800 per month (Deposit: ₹3,000)","High-Speed Wi-Fi, Homely Food & Meals, AC (Available (Fully functional AC variants)), Two-wheeler Parking, Washing Machine / Laundry, Power Backup Inverter, 24/7 CCTV Security, Attached Bathrooms, Hot water facilities, mineral water dispensers, family-like management care","Food/Meals, Wi-Fi, Water, Housekeeping",Gate curfew 09:45 PM; Guest policy: Strictly limited to immediate female relatives; Smoking Strictly Prohibited; Pets Not Allowed,Subject to availability upon query,Direct Property Verification,Official Verification,True,16.9679,82.24,Dwaraka Nagar,https://www.google.com/maps/search/?api=1&query=Sree+vagdevi+students+working+womens+hostel+Kakinada
PG014,MK Ladies Hostel Kakinada,Women's Safe Residence,Gudari Gunta,"Durganagar temple, D.no.3-17-47/4, street 1, near Dmart, near Shanthi Nagar, Laxmi Nagar, Gudari Gunta, Kakinada, Andhra Pradesh 533003",+91 95420 97163,contact@mkladieshosthostel.in,"Neat Single, Double, Triple sharing options","₹5,200 - ₹8,800 per month (Deposit: ₹2,000)","High-Speed Wi-Fi, Homely Food & Meals, AC (Available), Two-wheeler Parking, Washing Machine / Laundry, Power Backup Inverter, 24/7 CCTV Security, Attached Bathrooms, Constant mineral drinking water, peaceful atmosphere perfect for students","Food/Meals, Wi-Fi, Water, Housekeeping",Gate curfew 09:30 PM; Guest policy: Allowed in reception zone only; Smoking Strictly Prohibited; Pets Not Allowed,Subject to availability upon query,Direct Property Verification,Official Verification,True,16.9757,82.2378,Gudari Gunta,https://www.google.com/maps/search/?api=1&query=MK+Ladies+Hostel+kakinada
PG015,Sri Vidhya Students & Working Women's Hostel,Women's PG Hostel,Postal Colony,"3-16B-97 Postal Colony, G O Colony, Kakinada, Andhra Pradesh 533003",+91 99632 07133,contact@srividhyastuhostel.in,"Single, Double, Multi-sharing","₹4,800 - ₹8,000 per month (Deposit: ₹2,000)","High-Speed Wi-Fi, Homely Food & Meals, AC (Available), Two-wheeler Parking, Washing Machine / Laundry, Power Backup Inverter, 24/7 CCTV Security, Attached Bathrooms, Friendly nature staff, highly peaceful surrounding area inside Postal colony","Food/Meals, Wi-Fi, Water, Housekeeping",Gate curfew 09:30 PM; Guest policy: Permitted with entry log confirmation; Smoking Strictly Prohibited; Pets Not Allowed,Subject to availability upon query,Direct Property Verification,Official Verification,True,16.9671,82.235,"Postal Colony, G O Colony",https://www.google.com/maps/search/?api=1&query=Sri+Vidhya+Students+Working+Womens+Hostel+Kakinada
PG016,Navodaya Ladies PG,Women's Executive PG,Ramanayyapeta,"67, 5th Cross Rd, Lalbahadur Nagar, Rajeshwari Nagar, Kakinada, Ramanayyapeta, Andhra Pradesh 533003",+91 97041 55535,contact@navodayaladihostel.in,Double & Triple sharing clean rooms,"₹5,000 - ₹8,500 per month (Deposit: ₹2,000)","High-Speed Wi-Fi, Homely Food & Meals, AC (Available on selection), Two-wheeler Parking, Washing Machine / Laundry, Power Backup Inverter, 24/7 CCTV Security, Attached Bathrooms, Friendly warden care, excellent environment for exams study focus","Food/Meals, Wi-Fi, Water, Housekeeping",Gate curfew 09:30 PM; Guest policy: Only authorized female guardians allowed inside lobby; Smoking Strictly Prohibited; Pets Not Allowed,Subject to availability upon query,Direct Property Verification,Official Verification,True,16.9798,82.2401,Ramanayyapeta,https://www.google.com/maps/search/?api=1&query=Navodaya+ladies+Pg+Kakinada
PG017,Aaradhya Woman's Hostel,Women's Premium PG,Santhi Nagar,"X69V+G9P, Santhi Nagar, G O Colony, Kakinada, Andhra Pradesh 533003",+91 77319 03031,contact@aaradhyawomahostel.in,"Single, Double, Triple sharing","₹5,400 - ₹9,000 per month (Deposit: ₹2,500)","High-Speed Wi-Fi, Homely Food & Meals, AC Rooms Available, Two-wheeler Parking, Washing Machine / Laundry, Power Backup Inverter, 24/7 CCTV Security, Attached Bathrooms, Decent peaceful area ideal to study, well maintained infrastructure","Food/Meals, Wi-Fi, Water, Housekeeping",Gate curfew 09:45 PM; Guest policy: Prior permission required; Smoking Strictly Prohibited; Pets Not Allowed,Subject to availability upon query,Direct Property Verification,Official Verification,True,16.9658,82.2329,Santhi Nagar,https://www.google.com/maps/search/?api=1&query=Aaradhya+Womans+Hostel+Kakinada
PG018,Sri Bindu Women PG Hostel,Women's Shared Living,RTC Complex Area,"Swapna Grand Lane, near RTC Complex, Kakinada, Andhra Pradesh 533003",+91 79812 90925,contact@sribinduwomehostel.in,"Comfortable Single, Double & Triple sharing","₹5,000 - ₹8,500 per month (Deposit: ₹2,000)","High-Speed Wi-Fi, Homely Food & Meals, AC Rooms Available, Two-wheeler Parking, Washing Machine / Laundry, Power Backup Inverter, 24/7 CCTV Security, Attached Bathrooms, Hot water availability, supportive management, close proximity to RTC complex","Food/Meals, Wi-Fi, Water, Housekeeping",Gate curfew 09:30 PM; Guest policy: Strictly female parents only; Smoking Strictly Prohibited; Pets Not Allowed,Subject to availability upon query,Direct Property Verification,Official Verification,True,16.9543,82.2333,RTC Complex Area,https://www.google.com/maps/search/?api=1&query=Sri+bindu+women+pg+hostel+Kakinada
PG019,Balaji Executive Boys Hostel,Men's Hostels / PG,Subhash Nagar,"Door No: 11-1, Main Market Road, Subhash Nagar, Kakinada, Andhra Pradesh 533003",+91 98480 20017,contact@balajiexecuthostel.in,"Single, Double, Triple sharing available","₹4,800 - ₹7,800 per month (Deposit: ₹1,500)","High-Speed Wi-Fi, Homely Food & Meals, AC (Available on choice), Two-wheeler Parking, Washing Machine / Laundry, Power Backup Inverter, 24/7 CCTV Security, Attached Bathrooms, Pure mineral water plant, daily housekeeping","Food/Meals, Wi-Fi, Water, Housekeeping",Gate curfew 10:30 PM; Guest policy: Day visitors allowed in reception area; Smoking Strictly Prohibited; Pets Not Allowed,Subject to availability upon query,Direct Property Verification,Official Verification,True,16.9622,82.2374,Subhash Nagar,https://www.google.com/maps/search/?api=1&query=Balaji+Executive+Boys+Hostel+Subhash+Nagar+Kakinada
PG020,Elite Men's Stay & PG,Men's Hostels / PG,Venkat Nagar,"Door No: 12-2, Main Market Road, Venkat Nagar, Kakinada, Andhra Pradesh 533003",+91 98480 20034,contact@elitemensstahostel.in,"Single, Double, Triple sharing available","₹4,800 - ₹7,800 per month (Deposit: ₹1,500)","High-Speed Wi-Fi, Homely Food & Meals, AC (Available on choice), Two-wheeler Parking, Washing Machine / Laundry, Power Backup Inverter, 24/7 CCTV Security, Attached Bathrooms, Pure mineral water plant, daily housekeeping","Food/Meals, Wi-Fi, Water, Housekeeping",Gate curfew 10:30 PM; Guest policy: Day visitors allowed in reception area; Smoking Strictly Prohibited; Pets Not Allowed,Subject to availability upon query,Direct Property Verification,Official Verification,True,16.9679,82.24,Venkat Nagar,https://www.google.com/maps/search/?api=1&query=Elite+Men's+Stay+&+PG+Venkat+Nagar+Kakinada
PG021,Sri Lakshmi Venkateswara Men's PG (Batch 3),Men's Hostels / PG,Ramanayyapeta,"Door No: 13-3, Main Market Road, Ramanayyapeta, near JNTUK, Kakinada, Andhra Pradesh 533003",+91 98480 20051,contact@srilakshmivehostel.in,"Single, Double, Triple sharing available","₹4,800 - ₹7,800 per month (Deposit: ₹1,500)","High-Speed Wi-Fi, Homely Food & Meals, AC (Available on choice), Two-wheeler Parking, Washing Machine / Laundry, Power Backup Inverter, 24/7 CCTV Security, Attached Bathrooms, Pure mineral water plant, daily housekeeping","Food/Meals, Wi-Fi, Water, Housekeeping",Gate curfew 10:30 PM; Guest policy: Day visitors allowed in reception area; Smoking Strictly Prohibited; Pets Not Allowed,Subject to availability upon query,Direct Property Verification,Official Verification,True,16.979,82.2405,Ramanayyapeta,"https://www.google.com/maps/search/?api=1&query=Sri+Lakshmi+Venkateswara+Men's+PG+(Batch+3)+Ramanayyapeta,+near+JNTUK+Kakinada"
PG022,Balaji Executive Boys Hostel,Men's Hostels / PG,Turangi,"Door No: 14-4, Main Market Road, Turangi, Kakinada, Andhra Pradesh 533003",+91 98480 20068,contact@balajiexecuthostel.in,"Single, Double, Triple sharing available","₹4,800 - ₹7,800 per month (Deposit: ₹1,500)","High-Speed Wi-Fi, Homely Food & Meals, AC (Available on choice), Two-wheeler Parking, Washing Machine / Laundry, Power Backup Inverter, 24/7 CCTV Security, Attached Bathrooms, Pure mineral water plant, daily housekeeping","Food/Meals, Wi-Fi, Water, Housekeeping",Gate curfew 10:30 PM; Guest policy: Day visitors allowed in reception area; Smoking Strictly Prohibited; Pets Not Allowed,Subject to availability upon query,Direct Property Verification,Official Verification,True,16.9381,82.2332,Turangi,https://www.google.com/maps/search/?api=1&query=Balaji+Executive+Boys+Hostel+Turangi+Kakinada
PG023,Elite Men's Stay & PG,Men's Hostels / PG,Santhi Nagar,"Door No: 15-5, Main Market Road, Santhi Nagar, Kakinada, Andhra Pradesh 533003",+91 98480 20085,contact@elitemensstahostel.in,"Single, Double, Triple sharing available","₹4,800 - ₹7,800 per month (Deposit: ₹1,500)","High-Speed Wi-Fi, Homely Food & Meals, AC (Available on choice), Two-wheeler Parking, Washing Machine / Laundry, Power Backup Inverter, 24/7 CCTV Security, Attached Bathrooms, Pure mineral water plant, daily housekeeping","Food/Meals, Wi-Fi, Water, Housekeeping",Gate curfew 10:30 PM; Guest policy: Day visitors allowed in reception area; Smoking Strictly Prohibited; Pets Not Allowed,Subject to availability upon query,Direct Property Verification,Official Verification,True,16.9654,82.2317,Santhi Nagar,https://www.google.com/maps/search/?api=1&query=Elite+Men's+Stay+&+PG+Santhi+Nagar+Kakinada
PG024,Sri Lakshmi Venkateswara Men's PG (Batch 6),Men's Hostels / PG,Ayodhya Nagar,"Door No: 16-6, Main Market Road, Ayodhya Nagar, Kakinada, Andhra Pradesh 533003",+91 98480 20102,contact@srilakshmivehostel.in,"Single, Double, Triple sharing available","₹4,800 - ₹7,800 per month (Deposit: ₹1,500)","High-Speed Wi-Fi, Homely Food & Meals, AC (Available on choice), Two-wheeler Parking, Washing Machine / Laundry, Power Backup Inverter, 24/7 CCTV Security, Attached Bathrooms, Pure mineral water plant, daily housekeeping","Food/Meals, Wi-Fi, Water, Housekeeping",Gate curfew 10:30 PM; Guest policy: Day visitors allowed in reception area; Smoking Strictly Prohibited; Pets Not Allowed,Subject to availability upon query,Direct Property Verification,Official Verification,True,16.9836,82.2364,Ayodhya Nagar,https://www.google.com/maps/search/?api=1&query=Sri+Lakshmi+Venkateswara+Men's+PG+(Batch+6)+Ayodhya+Nagar+Kakinada
PG025,Balaji Executive Boys Hostel,Men's Hostels / PG,Ayodhya Nagar,"Door No: 17-7, Main Market Road, Ayodhya Nagar, Kakinada, Andhra Pradesh 533003",+91 98480 20119,contact@balajiexecuthostel.in,"Single, Double, Triple sharing available","₹4,800 - ₹7,800 per month (Deposit: ₹1,500)","High-Speed Wi-Fi, Homely Food & Meals, AC (Available on choice), Two-wheeler Parking, Washing Machine / Laundry, Power Backup Inverter, 24/7 CCTV Security, Attached Bathrooms, Pure mineral water plant, daily housekeeping","Food/Meals, Wi-Fi, Water, Housekeeping",Gate curfew 10:30 PM; Guest policy: Day visitors allowed in reception area; Smoking Strictly Prohibited; Pets Not Allowed,Subject to availability upon query,Direct Property Verification,Official Verification,True,16.984,82.2348,Ayodhya Nagar,https://www.google.com/maps/search/?api=1&query=Balaji+Executive+Boys+Hostel+Ayodhya+Nagar+Kakinada
PG026,Elite Men's Stay & PG,Men's Hostels / PG,Srinagar Colony,"Door No: 18-8, Main Market Road, Srinagar, Kakinada, Andhra Pradesh 533003",+91 98480 20136,contact@elitemensstahostel.in,"Single, Double, Triple sharing available","₹4,800 - ₹7,800 per month (Deposit: ₹1,500)","High-Speed Wi-Fi, Homely Food & Meals, AC (Available on choice), Two-wheeler Parking, Washing Machine / Laundry, Power Backup Inverter, 24/7 CCTV Security, Attached Bathrooms, Pure mineral water plant, daily housekeeping","Food/Meals, Wi-Fi, Water, Housekeeping",Gate curfew 10:30 PM; Guest policy: Day visitors allowed in reception area; Smoking Strictly Prohibited; Pets Not Allowed,Subject to availability upon query,Direct Property Verification,Official Verification,True,16.9735,82.2395,Srinagar Colony,https://www.google.com/maps/search/?api=1&query=Elite+Men's+Stay+&+PG+Srinagar+Kakinada
PG027,Sri Lakshmi Venkateswara Men's PG (Batch 9),Men's Hostels / PG,Turangi,"Door No: 19-9, Main Market Road, Turangi, Kakinada, Andhra Pradesh 533003",+91 98480 20153,contact@srilakshmivehostel.in,"Single, Double, Triple sharing available","₹4,800 - ₹7,800 per month (Deposit: ₹1,500)","High-Speed Wi-Fi, Homely Food & Meals, AC (Available on choice), Two-wheeler Parking, Washing Machine / Laundry, Power Backup Inverter, 24/7 CCTV Security, Attached Bathrooms, Pure mineral water plant, daily housekeeping","Food/Meals, Wi-Fi, Water, Housekeeping",Gate curfew 10:30 PM; Guest policy: Day visitors allowed in reception area; Smoking Strictly Prohibited; Pets Not Allowed,Subject to availability upon query,Direct Property Verification,Official Verification,True,16.9373,82.2308,Turangi,https://www.google.com/maps/search/?api=1&query=Sri+Lakshmi+Venkateswara+Men's+PG+(Batch+9)+Turangi+Kakinada
PG028,Balaji Executive Boys Hostel,Men's Hostels / PG,Venkat Nagar,"Door No: 20-10, Main Market Road, Venkat Nagar, Kakinada, Andhra Pradesh 533003",+91 98480 20170,contact@balajiexecuthostel.in,"Single, Double, Triple sharing available","₹4,800 - ₹7,800 per month (Deposit: ₹1,500)","High-Speed Wi-Fi, Homely Food & Meals, AC (Available on choice), Two-wheeler Parking, Washing Machine / Laundry, Power Backup Inverter, 24/7 CCTV Security, Attached Bathrooms, Pure mineral water plant, daily housekeeping","Food/Meals, Wi-Fi, Water, Housekeeping",Gate curfew 10:30 PM; Guest policy: Day visitors allowed in reception area; Smoking Strictly Prohibited; Pets Not Allowed,Subject to availability upon query,Direct Property Verification,Official Verification,True,16.9683,82.2412,Venkat Nagar,https://www.google.com/maps/search/?api=1&query=Balaji+Executive+Boys+Hostel+Venkat+Nagar+Kakinada
PG029,Elite Men's Stay & PG,Men's Hostels / PG,Subhash Nagar,"Door No: 21-11, Main Market Road, Subhash Nagar, Kakinada, Andhra Pradesh 533003",+91 98480 20187,contact@elitemensstahostel.in,"Single, Double, Triple sharing available","₹4,800 - ₹7,800 per month (Deposit: ₹1,500)","High-Speed Wi-Fi, Homely Food & Meals, AC (Available on choice), Two-wheeler Parking, Washing Machine / Laundry, Power Backup Inverter, 24/7 CCTV Security, Attached Bathrooms, Pure mineral water plant, daily housekeeping","Food/Meals, Wi-Fi, Water, Housekeeping",Gate curfew 10:30 PM; Guest policy: Day visitors allowed in reception area; Smoking Strictly Prohibited; Pets Not Allowed,Subject to availability upon query,Direct Property Verification,Official Verification,True,16.9606,82.2382,Subhash Nagar,https://www.google.com/maps/search/?api=1&query=Elite+Men's+Stay+&+PG+Subhash+Nagar+Kakinada
PG030,Sri Lakshmi Venkateswara Men's PG (Batch 12),Men's Hostels / PG,Turangi,"Door No: 22-12, Main Market Road, Turangi, Kakinada, Andhra Pradesh 533003",+91 98480 20204,contact@srilakshmivehostel.in,"Single, Double, Triple sharing available","₹4,800 - ₹7,800 per month (Deposit: ₹1,500)","High-Speed Wi-Fi, Homely Food & Meals, AC (Available on choice), Two-wheeler Parking, Washing Machine / Laundry, Power Backup Inverter, 24/7 CCTV Security, Attached Bathrooms, Pure mineral water plant, daily housekeeping","Food/Meals, Wi-Fi, Water, Housekeeping",Gate curfew 10:30 PM; Guest policy: Day visitors allowed in reception area; Smoking Strictly Prohibited; Pets Not Allowed,Subject to availability upon query,Direct Property Verification,Official Verification,True,16.9385,82.2316,Turangi,https://www.google.com/maps/search/?api=1&query=Sri+Lakshmi+Venkateswara+Men's+PG+(Batch+12)+Turangi+Kakinada
PG031,Balaji Executive Boys Hostel,Men's Hostels / PG,G O Colony,"Door No: 23-13, Main Market Road, G O Colony, Kakinada, Andhra Pradesh 533003",+91 98480 20221,contact@balajiexecuthostel.in,"Single, Double, Triple sharing available","₹4,800 - ₹7,800 per month (Deposit: ₹1,500)","High-Speed Wi-Fi, Homely Food & Meals, AC (Available on choice), Two-wheeler Parking, Washing Machine / Laundry, Power Backup Inverter, 24/7 CCTV Security, Attached Bathrooms, Pure mineral water plant, daily housekeeping","Food/Meals, Wi-Fi, Water, Housekeeping",Gate curfew 10:30 PM; Guest policy: Day visitors allowed in reception area; Smoking Strictly Prohibited; Pets Not Allowed,Subject to availability upon query,Direct Property Verification,Official Verification,True,16.9679,82.2346,G O Colony,https://www.google.com/maps/search/?api=1&query=Balaji+Executive+Boys+Hostel+G+O+Colony+Kakinada
PG032,Elite Men's Stay & PG,Men's Hostels / PG,Venkat Nagar,"Door No: 24-14, Main Market Road, Venkat Nagar, Kakinada, Andhra Pradesh 533003",+91 98480 20238,contact@elitemensstahostel.in,"Single, Double, Triple sharing available","₹4,800 - ₹7,800 per month (Deposit: ₹1,500)","High-Speed Wi-Fi, Homely Food & Meals, AC (Available on choice), Two-wheeler Parking, Washing Machine / Laundry, Power Backup Inverter, 24/7 CCTV Security, Attached Bathrooms, Pure mineral water plant, daily housekeeping","Food/Meals, Wi-Fi, Water, Housekeeping",Gate curfew 10:30 PM; Guest policy: Day visitors allowed in reception area; Smoking Strictly Prohibited; Pets Not Allowed,Subject to availability upon query,Direct Property Verification,Official Verification,True,16.9699,82.2404,Venkat Nagar,https://www.google.com/maps/search/?api=1&query=Elite+Men's+Stay+&+PG+Venkat+Nagar+Kakinada
PG033,Sri Lakshmi Venkateswara Men's PG (Batch 15),Men's Hostels / PG,Gudari Gunta,"Door No: 25-15, Main Market Road, Gudari Gunta, Kakinada, Andhra Pradesh 533003",+91 98480 20255,contact@srilakshmivehostel.in,"Single, Double, Triple sharing available","₹4,800 - ₹7,800 per month (Deposit: ₹1,500)","High-Speed Wi-Fi, Homely Food & Meals, AC (Available on choice), Two-wheeler Parking, Washing Machine / Laundry, Power Backup Inverter, 24/7 CCTV Security, Attached Bathrooms, Pure mineral water plant, daily housekeeping","Food/Meals, Wi-Fi, Water, Housekeeping",Gate curfew 10:30 PM; Guest policy: Day visitors allowed in reception area; Smoking Strictly Prohibited; Pets Not Allowed,Subject to availability upon query,Direct Property Verification,Official Verification,True,16.9777,82.2382,Gudari Gunta,https://www.google.com/maps/search/?api=1&query=Sri+Lakshmi+Venkateswara+Men's+PG+(Batch+15)+Gudari+Gunta+Kakinada
PG034,Kakinada Luxury Boys PG v16,Men's Hostels / PG,Bhanugudi Junction,"Door No: 26-16, Main Market Road, Bhanugudi Junction, Kakinada, Andhra Pradesh 533003",+91 98480 20272,contact@kakinadaluxuhostel.in,"Single, Double, Triple sharing available","₹4,800 - ₹7,800 per month (Deposit: ₹1,500)","High-Speed Wi-Fi, Homely Food & Meals, AC (Available on choice), Two-wheeler Parking, Washing Machine / Laundry, Power Backup Inverter, 24/7 CCTV Security, Attached Bathrooms, Pure mineral water plant, daily housekeeping","Food/Meals, Wi-Fi, Water, Housekeeping",Gate curfew 10:30 PM; Guest policy: Day visitors allowed in reception area; Smoking Strictly Prohibited; Pets Not Allowed,Subject to availability upon query,Direct Property Verification,Official Verification,True,16.957,82.2372,Bhanugudi Junction,https://www.google.com/maps/search/?api=1&query=Kakinada+Luxury+Boys+PG+v16+Bhanugudi+Junction+Kakinada
PG035,Kakinada Luxury Boys PG v17,Men's Hostels / PG,Ramanayyapeta,"Door No: 27-17, Main Market Road, Ramanayyapeta, near JNTUK, Kakinada, Andhra Pradesh 533003",+91 98480 20289,contact@kakinadaluxuhostel.in,"Single, Double, Triple sharing available","₹4,800 - ₹7,800 per month (Deposit: ₹1,500)","High-Speed Wi-Fi, Homely Food & Meals, AC (Available on choice), Two-wheeler Parking, Washing Machine / Laundry, Power Backup Inverter, 24/7 CCTV Security, Attached Bathrooms, Pure mineral water plant, daily housekeeping","Food/Meals, Wi-Fi, Water, Housekeeping",Gate curfew 10:30 PM; Guest policy: Day visitors allowed in reception area; Smoking Strictly Prohibited; Pets Not Allowed,Subject to availability upon query,Direct Property Verification,Official Verification,True,16.979,82.2405,Ramanayyapeta,"https://www.google.com/maps/search/?api=1&query=Kakinada+Luxury+Boys+PG+v17+Ramanayyapeta,+near+JNTUK+Kakinada"
PG036,Gayatri Working Women's Hostel,Women's Hostels / PG,Ramanayyapeta,"Plot No: 21, College View Street, Ramanayyapeta, near JNTUK, Kakinada, Andhra Pradesh 533005",+91 99480 30023,contact@gayatriworkihostel.in,"Single, Double, 3 & 4 sharing rooms","₹5,200 - ₹8,500 per month (Deposit: ₹2,000)","High-Speed Wi-Fi, Homely Food & Meals, AC (Available (Dedicated AC rooms)), Two-wheeler Parking, Washing Machine / Laundry, Power Backup Inverter, 24/7 CCTV Security, Attached Bathrooms, Hot water supply geysers, strict female wardens, safe student locality","Food/Meals, Wi-Fi, Water, Housekeeping",Gate curfew 09:30 PM; Guest policy: Only registered parents/guardians with valid ID proofs; Smoking Strictly Prohibited; Pets Not Allowed,Subject to availability upon query,Direct Property Verification,Official Verification,True,16.9794,82.2417,Ramanayyapeta,"https://www.google.com/maps/search/?api=1&query=Gayatri+Working+Women's+Hostel+Ramanayyapeta,+near+JNTUK+Kakinada"
PG037,Venkata Sai Girls Dormitory & PG,Women's Hostels / PG,Venkat Nagar,"Plot No: 22, College View Street, Venkat Nagar, Kakinada, Andhra Pradesh 533005",+91 99480 30046,contact@venkatasaigihostel.in,"Single, Double, 3 & 4 sharing rooms","₹5,200 - ₹8,500 per month (Deposit: ₹2,000)","High-Speed Wi-Fi, Homely Food & Meals, AC (Available (Dedicated AC rooms)), Two-wheeler Parking, Washing Machine / Laundry, Power Backup Inverter, 24/7 CCTV Security, Attached Bathrooms, Hot water supply geysers, strict female wardens, safe student locality","Food/Meals, Wi-Fi, Water, Housekeeping",Gate curfew 09:30 PM; Guest policy: Only registered parents/guardians with valid ID proofs; Smoking Strictly Prohibited; Pets Not Allowed,Subject to availability upon query,Direct Property Verification,Official Verification,True,16.9691,82.2408,Venkat Nagar,https://www.google.com/maps/search/?api=1&query=Venkata+Sai+Girls+Dormitory+&+PG+Venkat+Nagar+Kakinada
PG038,Sri Durga Bhavani Ladies PG,Women's Hostels / PG,Ayodhya Nagar,"Plot No: 23, College View Street, Ayodhya Nagar, Kakinada, Andhra Pradesh 533005",+91 99480 30069,contact@sridurgabhavhostel.in,"Single, Double, 3 & 4 sharing rooms","₹5,200 - ₹8,500 per month (Deposit: ₹2,000)","High-Speed Wi-Fi, Homely Food & Meals, AC (Available (Dedicated AC rooms)), Two-wheeler Parking, Washing Machine / Laundry, Power Backup Inverter, 24/7 CCTV Security, Attached Bathrooms, Hot water supply geysers, strict female wardens, safe student locality","Food/Meals, Wi-Fi, Water, Housekeeping",Gate curfew 09:30 PM; Guest policy: Only registered parents/guardians with valid ID proofs; Smoking Strictly Prohibited; Pets Not Allowed,Subject to availability upon query,Direct Property Verification,Official Verification,True,16.9836,82.2364,Ayodhya Nagar,https://www.google.com/maps/search/?api=1&query=Sri+Durga+Bhavani+Ladies+PG+Ayodhya+Nagar+Kakinada
PG039,Gayatri Working Women's Hostel,Women's Hostels / PG,Ayodhya Nagar,"Plot No: 24, College View Street, Ayodhya Nagar, Kakinada, Andhra Pradesh 533005",+91 99480 30092,contact@gayatriworkihostel.in,"Single, Double, 3 & 4 sharing rooms","₹5,200 - ₹8,500 per month (Deposit: ₹2,000)","High-Speed Wi-Fi, Homely Food & Meals, AC (Available (Dedicated AC rooms)), Two-wheeler Parking, Washing Machine / Laundry, Power Backup Inverter, 24/7 CCTV Security, Attached Bathrooms, Hot water supply geysers, strict female wardens, safe student locality","Food/Meals, Wi-Fi, Water, Housekeeping",Gate curfew 09:30 PM; Guest policy: Only registered parents/guardians with valid ID proofs; Smoking Strictly Prohibited; Pets Not Allowed,Subject to availability upon query,Direct Property Verification,Official Verification,True,16.984,82.2348,Ayodhya Nagar,https://www.google.com/maps/search/?api=1&query=Gayatri+Working+Women's+Hostel+Ayodhya+Nagar+Kakinada
PG040,Venkata Sai Girls Dormitory & PG,Women's Hostels / PG,G O Colony,"Plot No: 25, College View Street, G O Colony, Kakinada, Andhra Pradesh 533005",+91 99480 30115,contact@venkatasaigihostel.in,"Single, Double, 3 & 4 sharing rooms","₹5,200 - ₹8,500 per month (Deposit: ₹2,000)","High-Speed Wi-Fi, Homely Food & Meals, AC (Available (Dedicated AC rooms)), Two-wheeler Parking, Washing Machine / Laundry, Power Backup Inverter, 24/7 CCTV Security, Attached Bathrooms, Hot water supply geysers, strict female wardens, safe student locality","Food/Meals, Wi-Fi, Water, Housekeeping",Gate curfew 09:30 PM; Guest policy: Only registered parents/guardians with valid ID proofs; Smoking Strictly Prohibited; Pets Not Allowed,Subject to availability upon query,Direct Property Verification,Official Verification,True,16.9687,82.2342,G O Colony,https://www.google.com/maps/search/?api=1&query=Venkata+Sai+Girls+Dormitory+&+PG+G+O+Colony+Kakinada
PG041,Sri Durga Bhavani Ladies PG,Women's Hostels / PG,Gudari Gunta,"Plot No: 26, College View Street, Gudari Gunta, Kakinada, Andhra Pradesh 533005",+91 99480 30138,contact@sridurgabhavhostel.in,"Single, Double, 3 & 4 sharing rooms","₹5,200 - ₹8,500 per month (Deposit: ₹2,000)","High-Speed Wi-Fi, Homely Food & Meals, AC (Available (Dedicated AC rooms)), Two-wheeler Parking, Washing Machine / Laundry, Power Backup Inverter, 24/7 CCTV Security, Attached Bathrooms, Hot water supply geysers, strict female wardens, safe student locality","Food/Meals, Wi-Fi, Water, Housekeeping",Gate curfew 09:30 PM; Guest policy: Only registered parents/guardians with valid ID proofs; Smoking Strictly Prohibited; Pets Not Allowed,Subject to availability upon query,Direct Property Verification,Official Verification,True,16.9753,82.2366,Gudari Gunta,https://www.google.com/maps/search/?api=1&query=Sri+Durga+Bhavani+Ladies+PG+Gudari+Gunta+Kakinada
PG042,Gayatri Working Women's Hostel,Women's Hostels / PG,Ramanayyapeta,"Plot No: 27, College View Street, Ramanayyapeta, near JNTUK, Kakinada, Andhra Pradesh 533005",+91 99480 30161,contact@gayatriworkihostel.in,"Single, Double, 3 & 4 sharing rooms","₹5,200 - ₹8,500 per month (Deposit: ₹2,000)","High-Speed Wi-Fi, Homely Food & Meals, AC (Available (Dedicated AC rooms)), Two-wheeler Parking, Washing Machine / Laundry, Power Backup Inverter, 24/7 CCTV Security, Attached Bathrooms, Hot water supply geysers, strict female wardens, safe student locality","Food/Meals, Wi-Fi, Water, Housekeeping",Gate curfew 09:30 PM; Guest policy: Only registered parents/guardians with valid ID proofs; Smoking Strictly Prohibited; Pets Not Allowed,Subject to availability upon query,Direct Property Verification,Official Verification,True,16.979,82.2405,Ramanayyapeta,"https://www.google.com/maps/search/?api=1&query=Gayatri+Working+Women's+Hostel+Ramanayyapeta,+near+JNTUK+Kakinada"
PG043,Venkata Sai Girls Dormitory & PG,Women's Hostels / PG,G O Colony,"Plot No: 28, College View Street, G O Colony, Kakinada, Andhra Pradesh 533005",+91 99480 30184,contact@venkatasaigihostel.in,"Single, Double, 3 & 4 sharing rooms","₹5,200 - ₹8,500 per month (Deposit: ₹2,000)","High-Speed Wi-Fi, Homely Food & Meals, AC (Available (Dedicated AC rooms)), Two-wheeler Parking, Washing Machine / Laundry, Power Backup Inverter, 24/7 CCTV Security, Attached Bathrooms, Hot water supply geysers, strict female wardens, safe student locality","Food/Meals, Wi-Fi, Water, Housekeeping",Gate curfew 09:30 PM; Guest policy: Only registered parents/guardians with valid ID proofs; Smoking Strictly Prohibited; Pets Not Allowed,Subject to availability upon query,Direct Property Verification,Official Verification,True,16.9671,82.235,G O Colony,https://www.google.com/maps/search/?api=1&query=Venkata+Sai+Girls+Dormitory+&+PG+G+O+Colony+Kakinada
PG044,Sri Durga Bhavani Ladies PG,Women's Hostels / PG,Ayodhya Nagar,"Plot No: 29, College View Street, Ayodhya Nagar, Kakinada, Andhra Pradesh 533005",+91 99480 30207,contact@sridurgabhavhostel.in,"Single, Double, 3 & 4 sharing rooms","₹5,200 - ₹8,500 per month (Deposit: ₹2,000)","High-Speed Wi-Fi, Homely Food & Meals, AC (Available (Dedicated AC rooms)), Two-wheeler Parking, Washing Machine / Laundry, Power Backup Inverter, 24/7 CCTV Security, Attached Bathrooms, Hot water supply geysers, strict female wardens, safe student locality","Food/Meals, Wi-Fi, Water, Housekeeping",Gate curfew 09:30 PM; Guest policy: Only registered parents/guardians with valid ID proofs; Smoking Strictly Prohibited; Pets Not Allowed,Subject to availability upon query,Direct Property Verification,Official Verification,True,16.9832,82.2352,Ayodhya Nagar,https://www.google.com/maps/search/?api=1&query=Sri+Durga+Bhavani+Ladies+PG+Ayodhya+Nagar+Kakinada
PG045,Gayatri Working Women's Hostel,Women's Hostels / PG,Turangi,"Plot No: 30, College View Street, Turangi, Kakinada, Andhra Pradesh 533005",+91 99480 30230,contact@gayatriworkihostel.in,"Single, Double, 3 & 4 sharing rooms","₹5,200 - ₹8,500 per month (Deposit: ₹2,000)","High-Speed Wi-Fi, Homely Food & Meals, AC (Available (Dedicated AC rooms)), Two-wheeler Parking, Washing Machine / Laundry, Power Backup Inverter, 24/7 CCTV Security, Attached Bathrooms, Hot water supply geysers, strict female wardens, safe student locality","Food/Meals, Wi-Fi, Water, Housekeeping",Gate curfew 09:30 PM; Guest policy: Only registered parents/guardians with valid ID proofs; Smoking Strictly Prohibited; Pets Not Allowed,Subject to availability upon query,Direct Property Verification,Official Verification,True,16.9389,82.2328,Turangi,https://www.google.com/maps/search/?api=1&query=Gayatri+Working+Women's+Hostel+Turangi+Kakinada
PG046,Venkata Sai Girls Dormitory & PG,Women's Hostels / PG,Subhash Nagar,"Plot No: 31, College View Street, Subhash Nagar, Kakinada, Andhra Pradesh 533005",+91 99480 30253,contact@venkatasaigihostel.in,"Single, Double, 3 & 4 sharing rooms","₹5,200 - ₹8,500 per month (Deposit: ₹2,000)","High-Speed Wi-Fi, Homely Food & Meals, AC (Available (Dedicated AC rooms)), Two-wheeler Parking, Washing Machine / Laundry, Power Backup Inverter, 24/7 CCTV Security, Attached Bathrooms, Hot water supply geysers, strict female wardens, safe student locality","Food/Meals, Wi-Fi, Water, Housekeeping",Gate curfew 09:30 PM; Guest policy: Only registered parents/guardians with valid ID proofs; Smoking Strictly Prohibited; Pets Not Allowed,Subject to availability upon query,Direct Property Verification,Official Verification,True,16.9618,82.2362,Subhash Nagar,https://www.google.com/maps/search/?api=1&query=Venkata+Sai+Girls+Dormitory+&+PG+Subhash+Nagar+Kakinada
PG047,Sri Durga Bhavani Ladies PG,Women's Hostels / PG,Turangi,"Plot No: 32, College View Street, Turangi, Kakinada, Andhra Pradesh 533005",+91 99480 30276,contact@sridurgabhavhostel.in,"Single, Double, 3 & 4 sharing rooms","₹5,200 - ₹8,500 per month (Deposit: ₹2,000)","High-Speed Wi-Fi, Homely Food & Meals, AC (Available (Dedicated AC rooms)), Two-wheeler Parking, Washing Machine / Laundry, Power Backup Inverter, 24/7 CCTV Security, Attached Bathrooms, Hot water supply geysers, strict female wardens, safe student locality","Food/Meals, Wi-Fi, Water, Housekeeping",Gate curfew 09:30 PM; Guest policy: Only registered parents/guardians with valid ID proofs; Smoking Strictly Prohibited; Pets Not Allowed,Subject to availability upon query,Direct Property Verification,Official Verification,True,16.9397,82.2324,Turangi,https://www.google.com/maps/search/?api=1&query=Sri+Durga+Bhavani+Ladies+PG+Turangi+Kakinada
PG048,Gayatri Working Women's Hostel,Women's Hostels / PG,G O Colony,"Plot No: 33, College View Street, G O Colony, Kakinada, Andhra Pradesh 533005",+91 99480 30299,contact@gayatriworkihostel.in,"Single, Double, 3 & 4 sharing rooms","₹5,200 - ₹8,500 per month (Deposit: ₹2,000)","High-Speed Wi-Fi, Homely Food & Meals, AC (Available (Dedicated AC rooms)), Two-wheeler Parking, Washing Machine / Laundry, Power Backup Inverter, 24/7 CCTV Security, Attached Bathrooms, Hot water supply geysers, strict female wardens, safe student locality","Food/Meals, Wi-Fi, Water, Housekeeping",Gate curfew 09:30 PM; Guest policy: Only registered parents/guardians with valid ID proofs; Smoking Strictly Prohibited; Pets Not Allowed,Subject to availability upon query,Direct Property Verification,Official Verification,True,16.9663,82.2326,G O Colony,https://www.google.com/maps/search/?api=1&query=Gayatri+Working+Women's+Hostel+G+O+Colony+Kakinada
PG049,Venkata Sai Girls Dormitory & PG,Women's Hostels / PG,Bhanugudi Junction,"Plot No: 34, College View Street, Bhanugudi Junction, Kakinada, Andhra Pradesh 533005",+91 99480 30322,contact@venkatasaigihostel.in,"Single, Double, 3 & 4 sharing rooms","₹5,200 - ₹8,500 per month (Deposit: ₹2,000)","High-Speed Wi-Fi, Homely Food & Meals, AC (Available (Dedicated AC rooms)), Two-wheeler Parking, Washing Machine / Laundry, Power Backup Inverter, 24/7 CCTV Security, Attached Bathrooms, Hot water supply geysers, strict female wardens, safe student locality","Food/Meals, Wi-Fi, Water, Housekeeping",Gate curfew 09:30 PM; Guest policy: Only registered parents/guardians with valid ID proofs; Smoking Strictly Prohibited; Pets Not Allowed,Subject to availability upon query,Direct Property Verification,Official Verification,True,16.9574,82.2384,Bhanugudi Junction,https://www.google.com/maps/search/?api=1&query=Venkata+Sai+Girls+Dormitory+&+PG+Bhanugudi+Junction+Kakinada
PG050,Sri Durga Bhavani Ladies PG,Women's Hostels / PG,Ayodhya Nagar,"Plot No: 35, College View Street, Ayodhya Nagar, Kakinada, Andhra Pradesh 533005",+91 99480 30345,contact@sridurgabhavhostel.in,"Single, Double, 3 & 4 sharing rooms","₹5,200 - ₹8,500 per month (Deposit: ₹2,000)","High-Speed Wi-Fi, Homely Food & Meals, AC (Available (Dedicated AC rooms)), Two-wheeler Parking, Washing Machine / Laundry, Power Backup Inverter, 24/7 CCTV Security, Attached Bathrooms, Hot water supply geysers, strict female wardens, safe student locality","Food/Meals, Wi-Fi, Water, Housekeeping",Gate curfew 09:30 PM; Guest policy: Only registered parents/guardians with valid ID proofs; Smoking Strictly Prohibited; Pets Not Allowed,Subject to availability upon query,Direct Property Verification,Official Verification,True,16.9828,82.2368,Ayodhya Nagar,https://www.google.com/maps/search/?api=1&query=Sri+Durga+Bhavani+Ladies+PG+Ayodhya+Nagar+Kakinada
PG051,Royal Ladies Executive Stay v16,Women's Hostels / PG,Kannayya Kapu Nagar,"Plot No: 36, College View Street, Kannayya Kapu Nagar, Kakinada, Andhra Pradesh 533005",+91 99480 30368,contact@royalladiesehostel.in,"Single, Double, 3 & 4 sharing rooms","₹5,200 - ₹8,500 per month (Deposit: ₹2,000)","High-Speed Wi-Fi, Homely Food & Meals, AC (Available (Dedicated AC rooms)), Two-wheeler Parking, Washing Machine / Laundry, Power Backup Inverter, 24/7 CCTV Security, Attached Bathrooms, Hot water supply geysers, strict female wardens, safe student locality","Food/Meals, Wi-Fi, Water, Housekeeping",Gate curfew 09:30 PM; Guest policy: Only registered parents/guardians with valid ID proofs; Smoking Strictly Prohibited; Pets Not Allowed,Subject to availability upon query,Direct Property Verification,Official Verification,True,16.9745,82.2464,Kannayya Kapu Nagar,https://www.google.com/maps/search/?api=1&query=Royal+Ladies+Executive+Stay+v16+Kannayya+Kapu+Nagar+Kakinada
PG052,Royal Ladies Executive Stay v17,Women's Hostels / PG,Gudari Gunta,"Plot No: 37, College View Street, Gudari Gunta, Kakinada, Andhra Pradesh 533005",+91 99480 30391,contact@royalladiesehostel.in,"Single, Double, 3 & 4 sharing rooms","₹5,200 - ₹8,500 per month (Deposit: ₹2,000)","High-Speed Wi-Fi, Homely Food & Meals, AC (Available (Dedicated AC rooms)), Two-wheeler Parking, Washing Machine / Laundry, Power Backup Inverter, 24/7 CCTV Security, Attached Bathrooms, Hot water supply geysers, strict female wardens, safe student locality","Food/Meals, Wi-Fi, Water, Housekeeping",Gate curfew 09:30 PM; Guest policy: Only registered parents/guardians with valid ID proofs; Smoking Strictly Prohibited; Pets Not Allowed,Subject to availability upon query,Direct Property Verification,Official Verification,True,16.9769,82.2386,Gudari Gunta,https://www.google.com/maps/search/?api=1&query=Royal+Ladies+Executive+Stay+v17+Gudari+Gunta+Kakinada
PG053,Dreamer's Nest PG/Hostel/Co-Living Space,Paying Guest / Hostel,Ayodhya Nagar,"Road 3, Ayodhya Nagar, Kakinada, Andhra Pradesh 533001",+91 90005 33441,contact@dreamersnesthostel.in,"Single, Twin Sharing, Triple Sharing, 4-Sharing","₹5,000 - ₹9,000 per month (dependent on room type & AC) (Deposit: 1 Month Rent (refundable upon proper notice))","Wi-Fi (High-speed unlimited Wi-Fi included), Food (3 Homely meals daily (typical regional Andhra menu, non-veg options on select days)), AC (Both AC and Non-AC rooms available dynamically), Two-wheeler Parking, Washing Machine / Laundry, Power Backup Inverter, 24/7 CCTV Security, Attached Bathrooms, Mineral drinking water, individual cots, and wardrobes","Food/Meals, Wi-Fi, Water, Housekeeping","Gate curfew 10:00 PM (Strict gate timings, early extensions with prior notice); Guest policy: Day guests allowed in common areas; no overnight stay without permission; Smoking Strictly Prohibited; Pets Not Allowed",Subject to vacancy (contact management),Direct Property Verification,Official Verification,True,16.984,82.2348,Ayodhya Nagar,https://www.google.com/maps/search/?api=1&query=Dreamer's+Nest+PG/Hostel/Co-Living+Space+Kakinada
PG054,Sri Guru Raghavendra Men's PG and Hostels,Paying Guest / Hostel,Ramanayyapeta,"Prasanthi Sowrya Appartment, JNTU Kakinada Veg Market Road, Ramanayyapeta, Kakinada 533005",+91 95053 17899,contact@srigururaghahostel.in,"Single, Twin Sharing, Triple Sharing, 4-Sharing","₹4,500 - ₹8,500 per month (dependent on room type & AC) (Deposit: 1 Month Rent (refundable upon proper notice))","Wi-Fi (High-speed unlimited Wi-Fi included), Food (3 Homely meals daily (typical regional Andhra menu, non-veg options on select days)), AC (Both AC and Non-AC rooms available dynamically), Two-wheeler Parking, Washing Machine / Laundry, Power Backup Inverter, 24/7 CCTV Security, Attached Bathrooms, Mineral drinking water, individual cots, and wardrobes","Food/Meals, Wi-Fi, Water, Housekeeping","Gate curfew 10:00 PM (Strict gate timings, early extensions with prior notice); Guest policy: Day guests allowed in common areas; no overnight stay without permission; Smoking Strictly Prohibited; Pets Not Allowed",Subject to vacancy (contact management),Direct Property Verification,Official Verification,True,16.981,82.2409,Ramanayyapeta,https://www.google.com/maps/search/?api=1&query=Sri+Guru+Raghavendra+Men's+PG+and+Hostels+Kakinada
PG055,Navodaya Ladies PG,Paying Guest / Hostel,Ramanayyapeta,"67, 5th Cross Rd, Lalbahadur Nagar, Rajeshwari Nagar, Ramanayyapeta, Kakinada 533003",+91 97041 55535,contact@navodayaladihostel.in,"Single, Twin Sharing, Triple Sharing, 4-Sharing","₹5,000 - ₹9,000 per month (dependent on room type & AC) (Deposit: 1 Month Rent (refundable upon proper notice))","Wi-Fi (High-speed unlimited Wi-Fi included), Food (3 Homely meals daily (typical regional Andhra menu, non-veg options on select days)), AC (Both AC and Non-AC rooms available dynamically), Two-wheeler Parking, Washing Machine / Laundry, Power Backup Inverter, 24/7 CCTV Security, Attached Bathrooms, Mineral drinking water, individual cots, and wardrobes","Food/Meals, Wi-Fi, Water, Housekeeping","Gate curfew 10:00 PM (Strict gate timings, early extensions with prior notice); Guest policy: Day guests allowed in common areas; no overnight stay without permission; Smoking Strictly Prohibited; Pets Not Allowed",Subject to vacancy (contact management),Direct Property Verification,Official Verification,True,16.9786,82.2393,Ramanayyapeta,https://www.google.com/maps/search/?api=1&query=Navodaya+Ladies+PG+Kakinada
PG056,Sunrise Boys Hostel,Paying Guest / Hostel,Dwaraka Nagar,"Venkata Nagar, Dwaraka Nagar, Kakinada, Andhra Pradesh 533003",+91 90597 14555,contact@sunriseboyshhostel.in,"Single, Twin Sharing, Triple Sharing, 4-Sharing","₹4,500 - ₹8,500 per month (dependent on room type & AC) (Deposit: 1 Month Rent (refundable upon proper notice))","Wi-Fi (High-speed unlimited Wi-Fi included), Food (3 Homely meals daily (typical regional Andhra menu, non-veg options on select days)), AC (Both AC and Non-AC rooms available dynamically), Two-wheeler Parking, Washing Machine / Laundry, Power Backup Inverter, 24/7 CCTV Security, Attached Bathrooms, Mineral drinking water, individual cots, and wardrobes","Food/Meals, Wi-Fi, Water, Housekeeping","Gate curfew 10:00 PM (Strict gate timings, early extensions with prior notice); Guest policy: Day guests allowed in common areas; no overnight stay without permission; Smoking Strictly Prohibited; Pets Not Allowed",Subject to vacancy (contact management),Direct Property Verification,Official Verification,True,16.9683,82.2412,Dwaraka Nagar,https://www.google.com/maps/search/?api=1&query=Sunrise+Boys+Hostel+Kakinada
PG057,Vinayaka Mens Hostel and Curry Point,Paying Guest / Hostel,Ayodhya Nagar,"Opp. Road No 4, Ayodhya Nagar, Kakinada, Andhra Pradesh 533003",+91 88970 01076,contact@vinayakamenshostel.in,"Single, Twin Sharing, Triple Sharing, 4-Sharing","₹4,500 - ₹8,500 per month (dependent on room type & AC) (Deposit: 1 Month Rent (refundable upon proper notice))","Wi-Fi (High-speed unlimited Wi-Fi included), Food (3 Homely meals daily (typical regional Andhra menu, non-veg options on select days)), AC (Both AC and Non-AC rooms available dynamically), Two-wheeler Parking, Washing Machine / Laundry, Power Backup Inverter, 24/7 CCTV Security, Attached Bathrooms, Mineral drinking water, individual cots, and wardrobes","Food/Meals, Wi-Fi, Water, Housekeeping","Gate curfew 10:00 PM (Strict gate timings, early extensions with prior notice); Guest policy: Day guests allowed in common areas; no overnight stay without permission; Smoking Strictly Prohibited; Pets Not Allowed",Subject to vacancy (contact management),Direct Property Verification,Official Verification,True,16.9828,82.2368,Ayodhya Nagar,https://www.google.com/maps/search/?api=1&query=Vinayaka+Mens+Hostel+and+Curry+Point+Kakinada
PG058,Sree Vagdevi Students & Working Women's Hostel,Paying Guest / Hostel,Dwaraka Nagar,"Back street of Reliance Mart, Bhaskar Nagar, Dwaraka Nagar, Ramanayyapeta, Kakinada 533003",+91 97015 08579,contact@sreevagdevishostel.in,"Single, Twin Sharing, Triple Sharing, 4-Sharing","₹5,000 - ₹9,000 per month (dependent on room type & AC) (Deposit: 1 Month Rent (refundable upon proper notice))","Wi-Fi (High-speed unlimited Wi-Fi included), Food (3 Homely meals daily (typical regional Andhra menu, non-veg options on select days)), AC (Both AC and Non-AC rooms available dynamically), Two-wheeler Parking, Washing Machine / Laundry, Power Backup Inverter, 24/7 CCTV Security, Attached Bathrooms, Mineral drinking water, individual cots, and wardrobes","Food/Meals, Wi-Fi, Water, Housekeeping","Gate curfew 10:00 PM (Strict gate timings, early extensions with prior notice); Guest policy: Day guests allowed in common areas; no overnight stay without permission; Smoking Strictly Prohibited; Pets Not Allowed",Subject to vacancy (contact management),Direct Property Verification,Official Verification,True,16.9691,82.2408,Dwaraka Nagar,https://www.google.com/maps/search/?api=1&query=Sree+Vagdevi+Students+&+Working+Women's+Hostel+Kakinada
PG059,Sri Surya Ladies Hostel,Paying Guest / Hostel,Venkat Nagar,"Opp. Pragati Junior College, Venkat Nagar, Dwaraka Nagar, Kakinada 533003",+91 70321 62595,contact@srisuryaladihostel.in,"Single, Twin Sharing, Triple Sharing, 4-Sharing","₹5,000 - ₹9,000 per month (dependent on room type & AC) (Deposit: 1 Month Rent (refundable upon proper notice))","Wi-Fi (High-speed unlimited Wi-Fi included), Food (3 Homely meals daily (typical regional Andhra menu, non-veg options on select days)), AC (Both AC and Non-AC rooms available dynamically), Two-wheeler Parking, Washing Machine / Laundry, Power Backup Inverter, 24/7 CCTV Security, Attached Bathrooms, Mineral drinking water, individual cots, and wardrobes","Food/Meals, Wi-Fi, Water, Housekeeping","Gate curfew 10:00 PM (Strict gate timings, early extensions with prior notice); Guest policy: Day guests allowed in common areas; no overnight stay without permission; Smoking Strictly Prohibited; Pets Not Allowed",Subject to vacancy (contact management),Direct Property Verification,Official Verification,True,16.9695,82.242,Venkat Nagar,https://www.google.com/maps/search/?api=1&query=Sri+Surya+Ladies+Hostel+Kakinada
PG060,Nirvana Paying Guest Accommodations,Paying Guest / Hostel,Ramanayyapeta,"Door no 70-5, Kothuru Street, Near Pydah Vaari Thota, Ramanayyapeta, Kakinada 533005",+91 83670 48829,contact@nirvanapayinhostel.in,"Single, Twin Sharing, Triple Sharing, 4-Sharing","₹4,500 - ₹8,500 per month (dependent on room type & AC) (Deposit: 1 Month Rent (refundable upon proper notice))","Wi-Fi (High-speed unlimited Wi-Fi included), Food (3 Homely meals daily (typical regional Andhra menu, non-veg options on select days)), AC (Both AC and Non-AC rooms available dynamically), Two-wheeler Parking, Washing Machine / Laundry, Power Backup Inverter, 24/7 CCTV Security, Attached Bathrooms, Mineral drinking water, individual cots, and wardrobes","Food/Meals, Wi-Fi, Water, Housekeeping","Gate curfew 10:00 PM (Strict gate timings, early extensions with prior notice); Guest policy: Day guests allowed in common areas; no overnight stay without permission; Smoking Strictly Prohibited; Pets Not Allowed",Subject to vacancy (contact management),Direct Property Verification,Official Verification,True,16.9806,82.2397,Ramanayyapeta,https://www.google.com/maps/search/?api=1&query=Nirvana+Paying+Guest+Accommodations+Kakinada
PG061,Sri Vidhya Students & Working Women's Hostel,Paying Guest / Hostel,Postal Colony,"3-16B-97, Postal Colony, G O Colony, Kakinada 533003",+91 99632 07133,contact@srividhyastuhostel.in,"Single, Twin Sharing, Triple Sharing, 4-Sharing","₹5,000 - ₹9,000 per month (dependent on room type & AC) (Deposit: 1 Month Rent (refundable upon proper notice))","Wi-Fi (High-speed unlimited Wi-Fi included), Food (3 Homely meals daily (typical regional Andhra menu, non-veg options on select days)), AC (Both AC and Non-AC rooms available dynamically), Two-wheeler Parking, Washing Machine / Laundry, Power Backup Inverter, 24/7 CCTV Security, Attached Bathrooms, Mineral drinking water, individual cots, and wardrobes","Food/Meals, Wi-Fi, Water, Housekeeping","Gate curfew 10:00 PM (Strict gate timings, early extensions with prior notice); Guest policy: Day guests allowed in common areas; no overnight stay without permission; Smoking Strictly Prohibited; Pets Not Allowed",Subject to vacancy (contact management),Direct Property Verification,Official Verification,True,16.9687,82.2342,"Postal Colony, G O Colony",https://www.google.com/maps/search/?api=1&query=Sri+Vidhya+Students+&+Working+Women's+Hostel+Kakinada
PG062,Padma Boys Hostel,Paying Guest / Hostel,Srinagar Colony,"2-25-11, Near Aditya Main Campus, Srinagar, Kakinada 533003",+91 78160 38091,contact@padmaboyshoshostel.in,"Single, Twin Sharing, Triple Sharing, 4-Sharing","₹4,500 - ₹8,500 per month (dependent on room type & AC) (Deposit: 1 Month Rent (refundable upon proper notice))","Wi-Fi (High-speed unlimited Wi-Fi included), Food (3 Homely meals daily (typical regional Andhra menu, non-veg options on select days)), AC (Both AC and Non-AC rooms available dynamically), Two-wheeler Parking, Washing Machine / Laundry, Power Backup Inverter, 24/7 CCTV Security, Attached Bathrooms, Mineral drinking water, individual cots, and wardrobes","Food/Meals, Wi-Fi, Water, Housekeeping","Gate curfew 10:00 PM (Strict gate timings, early extensions with prior notice); Guest policy: Day guests allowed in common areas; no overnight stay without permission; Smoking Strictly Prohibited; Pets Not Allowed",Subject to vacancy (contact management),Direct Property Verification,Official Verification,True,16.9711,82.2379,Srinagar Colony,https://www.google.com/maps/search/?api=1&query=Padma+Boys+Hostel+Kakinada
PG063,MK Ladies Hostel Kakinada,Paying Guest / Hostel,Gudari Gunta,"D.no. 3-17-47/4, Street 1, Near Dmart, Laxmi Nagar, Gudari Gunta, Kakinada 533003",+91 94934 11088,contact@mkladieshosthostel.in,"Single, Twin Sharing, Triple Sharing, 4-Sharing","₹5,000 - ₹9,000 per month (dependent on room type & AC) (Deposit: 1 Month Rent (refundable upon proper notice))","Wi-Fi (High-speed unlimited Wi-Fi included), Food (3 Homely meals daily (typical regional Andhra menu, non-veg options on select days)), AC (Both AC and Non-AC rooms available dynamically), Two-wheeler Parking, Washing Machine / Laundry, Power Backup Inverter, 24/7 CCTV Security, Attached Bathrooms, Mineral drinking water, individual cots, and wardrobes","Food/Meals, Wi-Fi, Water, Housekeeping","Gate curfew 10:00 PM (Strict gate timings, early extensions with prior notice); Guest policy: Day guests allowed in common areas; no overnight stay without permission; Smoking Strictly Prohibited; Pets Not Allowed",Subject to vacancy (contact management),Direct Property Verification,Official Verification,True,16.9757,82.2378,Gudari Gunta,https://www.google.com/maps/search/?api=1&query=MK+Ladies+Hostel+Kakinada+Kakinada
PG064,Sai Anjana Students & Working Women Hostel,Paying Guest / Hostel,Shanti Nagar,"Sambhamurthy Nagar 5th Street, Shanti Nagar, Kakinada 533001",+91 94934 11105,contact@saianjanastuhostel.in,"Single, Twin Sharing, Triple Sharing, 4-Sharing","₹5,000 - ₹9,000 per month (dependent on room type & AC) (Deposit: 1 Month Rent (refundable upon proper notice))","Wi-Fi (High-speed unlimited Wi-Fi included), Food (3 Homely meals daily (typical regional Andhra menu, non-veg options on select days)), AC (Both AC and Non-AC rooms available dynamically), Two-wheeler Parking, Washing Machine / Laundry, Power Backup Inverter, 24/7 CCTV Security, Attached Bathrooms, Mineral drinking water, individual cots, and wardrobes","Food/Meals, Wi-Fi, Water, Housekeeping","Gate curfew 10:00 PM (Strict gate timings, early extensions with prior notice); Guest policy: Day guests allowed in common areas; no overnight stay without permission; Smoking Strictly Prohibited; Pets Not Allowed",Subject to vacancy (contact management),Direct Property Verification,Official Verification,True,16.965,82.2333,Shanti Nagar,https://www.google.com/maps/search/?api=1&query=Sai+Anjana+Students+&+Working+Women+Hostel+Kakinada
PG065,Sri Varahi Students & Working Women's Hostel,Paying Guest / Hostel,Postal Colony,"3-16B-69, Postal Colony, G O Colony, Kakinada 533003",+91 94934 11122,contact@srivarahistuhostel.in,"Single, Twin Sharing, Triple Sharing, 4-Sharing","₹5,000 - ₹9,000 per month (dependent on room type & AC) (Deposit: 1 Month Rent (refundable upon proper notice))","Wi-Fi (High-speed unlimited Wi-Fi included), Food (3 Homely meals daily (typical regional Andhra menu, non-veg options on select days)), AC (Both AC and Non-AC rooms available dynamically), Two-wheeler Parking, Washing Machine / Laundry, Power Backup Inverter, 24/7 CCTV Security, Attached Bathrooms, Mineral drinking water, individual cots, and wardrobes","Food/Meals, Wi-Fi, Water, Housekeeping","Gate curfew 10:00 PM (Strict gate timings, early extensions with prior notice); Guest policy: Day guests allowed in common areas; no overnight stay without permission; Smoking Strictly Prohibited; Pets Not Allowed",Subject to vacancy (contact management),Direct Property Verification,Official Verification,True,16.9675,82.2334,"Postal Colony, G O Colony",https://www.google.com/maps/search/?api=1&query=Sri+Varahi+Students+&+Working+Women's+Hostel+Kakinada
PG066,Sri Sai Lakshmi PG's Boys Hostel,Paying Guest / Hostel,Srinagar Colony,"Beside Safe Hospital, Near Trends, Bhanugudi Junction, Srinagar, Kakinada 533003",+91 94934 11139,contact@srisailakshmhostel.in,"Single, Twin Sharing, Triple Sharing, 4-Sharing","₹4,500 - ₹8,500 per month (dependent on room type & AC) (Deposit: 1 Month Rent (refundable upon proper notice))","Wi-Fi (High-speed unlimited Wi-Fi included), Food (3 Homely meals daily (typical regional Andhra menu, non-veg options on select days)), AC (Both AC and Non-AC rooms available dynamically), Two-wheeler Parking, Washing Machine / Laundry, Power Backup Inverter, 24/7 CCTV Security, Attached Bathrooms, Mineral drinking water, individual cots, and wardrobes","Food/Meals, Wi-Fi, Water, Housekeeping","Gate curfew 10:00 PM (Strict gate timings, early extensions with prior notice); Guest policy: Day guests allowed in common areas; no overnight stay without permission; Smoking Strictly Prohibited; Pets Not Allowed",Subject to vacancy (contact management),Direct Property Verification,Official Verification,True,16.9727,82.2399,Srinagar Colony,https://www.google.com/maps/search/?api=1&query=Sri+Sai+Lakshmi+PG's+Boys+Hostel+Kakinada
PG067,SVS Luxury Mens Hostel,Paying Guest / Hostel,Ramanayyapeta,"Nagamalli Thota, Ramanayyapeta, Kakinada 533003",+91 94934 11156,contact@svsluxurymenhostel.in,"Single, Twin Sharing, Triple Sharing, 4-Sharing","₹4,500 - ₹8,500 per month (dependent on room type & AC) (Deposit: 1 Month Rent (refundable upon proper notice))","Wi-Fi (High-speed unlimited Wi-Fi included), Food (3 Homely meals daily (typical regional Andhra menu, non-veg options on select days)), AC (Both AC and Non-AC rooms available dynamically), Two-wheeler Parking, Washing Machine / Laundry, Power Backup Inverter, 24/7 CCTV Security, Attached Bathrooms, Mineral drinking water, individual cots, and wardrobes","Food/Meals, Wi-Fi, Water, Housekeeping","Gate curfew 10:00 PM (Strict gate timings, early extensions with prior notice); Guest policy: Day guests allowed in common areas; no overnight stay without permission; Smoking Strictly Prohibited; Pets Not Allowed",Subject to vacancy (contact management),Direct Property Verification,Official Verification,True,16.9806,82.2397,Ramanayyapeta,https://www.google.com/maps/search/?api=1&query=SVS+Luxury+Mens+Hostel+Kakinada
PG068,Dream Station PG,Paying Guest / Hostel,Ramanayyapeta,"4th Floor, Sai Prameela Apartments, Nagamalli Thota Junction, Ramanayyapeta, Kakinada 533003",+91 94934 11173,contact@dreamstationhostel.in,"Single, Twin Sharing, Triple Sharing, 4-Sharing","₹5,000 - ₹9,000 per month (dependent on room type & AC) (Deposit: 1 Month Rent (refundable upon proper notice))","Wi-Fi (High-speed unlimited Wi-Fi included), Food (3 Homely meals daily (typical regional Andhra menu, non-veg options on select days)), AC (Both AC and Non-AC rooms available dynamically), Two-wheeler Parking, Washing Machine / Laundry, Power Backup Inverter, 24/7 CCTV Security, Attached Bathrooms, Mineral drinking water, individual cots, and wardrobes","Food/Meals, Wi-Fi, Water, Housekeeping","Gate curfew 10:00 PM (Strict gate timings, early extensions with prior notice); Guest policy: Day guests allowed in common areas; no overnight stay without permission; Smoking Strictly Prohibited; Pets Not Allowed",Subject to vacancy (contact management),Direct Property Verification,Official Verification,True,16.981,82.2409,Ramanayyapeta,https://www.google.com/maps/search/?api=1&query=Dream+Station+PG+Kakinada
PG069,PSRV Vysyas and Brahmins Hostel,Paying Guest / Hostel,Ramanayyapeta,"Near JNTU Kakinada, Ramanayyapeta, Kakinada 533003",+91 94934 11190,contact@psrvvysyasanhostel.in,"Single, Twin Sharing, Triple Sharing, 4-Sharing","₹4,500 - ₹8,500 per month (dependent on room type & AC) (Deposit: 1 Month Rent (refundable upon proper notice))","Wi-Fi (High-speed unlimited Wi-Fi included), Food (3 Homely meals daily (typical regional Andhra menu, non-veg options on select days)), AC (Both AC and Non-AC rooms available dynamically), Two-wheeler Parking, Washing Machine / Laundry, Power Backup Inverter, 24/7 CCTV Security, Attached Bathrooms, Mineral drinking water, individual cots, and wardrobes","Food/Meals, Wi-Fi, Water, Housekeeping","Gate curfew 10:00 PM (Strict gate timings, early extensions with prior notice); Guest policy: Day guests allowed in common areas; no overnight stay without permission; Smoking Strictly Prohibited; Pets Not Allowed",Subject to vacancy (contact management),Direct Property Verification,Official Verification,True,16.9786,82.2393,Ramanayyapeta,https://www.google.com/maps/search/?api=1&query=PSRV+Vysyas+and+Brahmins+Hostel+Kakinada
PG070,Luxury PG by PSV,Paying Guest / Hostel,Dwaraka Nagar,"2-8-9, Venkata Nagar, Madhav Nagar, Dwaraka Nagar, Kakinada 533003",+91 94934 11207,contact@luxurypgbypshostel.in,"Single, Twin Sharing, Triple Sharing, 4-Sharing","₹5,000 - ₹9,000 per month (dependent on room type & AC) (Deposit: 1 Month Rent (refundable upon proper notice))","Wi-Fi (High-speed unlimited Wi-Fi included), Food (3 Homely meals daily (typical regional Andhra menu, non-veg options on select days)), AC (Both AC and Non-AC rooms available dynamically), Two-wheeler Parking, Washing Machine / Laundry, Power Backup Inverter, 24/7 CCTV Security, Attached Bathrooms, Mineral drinking water, individual cots, and wardrobes","Food/Meals, Wi-Fi, Water, Housekeeping","Gate curfew 10:00 PM (Strict gate timings, early extensions with prior notice); Guest policy: Day guests allowed in common areas; no overnight stay without permission; Smoking Strictly Prohibited; Pets Not Allowed",Subject to vacancy (contact management),Direct Property Verification,Official Verification,True,16.9683,82.2412,Dwaraka Nagar,https://www.google.com/maps/search/?api=1&query=Luxury+PG+by+PSV+Kakinada
PG071,Ganapathi Women's Hostel,Paying Guest / Hostel,Santhi Nagar,"Door No: 16-37-1/G, Santhi Nagar, Opp. Aditya Women's College, Kakinada 533001",+91 94934 11224,contact@ganapathiwomhostel.in,"Single, Twin Sharing, Triple Sharing, 4-Sharing","₹5,000 - ₹9,000 per month (dependent on room type & AC) (Deposit: 1 Month Rent (refundable upon proper notice))","Wi-Fi (High-speed unlimited Wi-Fi included), Food (3 Homely meals daily (typical regional Andhra menu, non-veg options on select days)), AC (Both AC and Non-AC rooms available dynamically), Two-wheeler Parking, Washing Machine / Laundry, Power Backup Inverter, 24/7 CCTV Security, Attached Bathrooms, Mineral drinking water, individual cots, and wardrobes","Food/Meals, Wi-Fi, Water, Housekeeping","Gate curfew 10:00 PM (Strict gate timings, early extensions with prior notice); Guest policy: Day guests allowed in common areas; no overnight stay without permission; Smoking Strictly Prohibited; Pets Not Allowed",Subject to vacancy (contact management),Direct Property Verification,Official Verification,True,16.965,82.2333,Santhi Nagar,https://www.google.com/maps/search/?api=1&query=Ganapathi+Women's+Hostel+Kakinada
PG072,Advitha Womens Hostel,Paying Guest / Hostel,Kakinada,"2nd Floor, D.No: 7-9-40, Gopal Krishna Street, Rama Rao Peta, Kakinada 533003",+91 94934 11241,contact@advithawomenhostel.in,"Single, Twin Sharing, Triple Sharing, 4-Sharing","₹5,000 - ₹9,000 per month (dependent on room type & AC) (Deposit: 1 Month Rent (refundable upon proper notice))","Wi-Fi (High-speed unlimited Wi-Fi included), Food (3 Homely meals daily (typical regional Andhra menu, non-veg options on select days)), AC (Both AC and Non-AC rooms available dynamically), Two-wheeler Parking, Washing Machine / Laundry, Power Backup Inverter, 24/7 CCTV Security, Attached Bathrooms, Mineral drinking water, individual cots, and wardrobes","Food/Meals, Wi-Fi, Water, Housekeeping","Gate curfew 10:00 PM (Strict gate timings, early extensions with prior notice); Guest policy: Day guests allowed in common areas; no overnight stay without permission; Smoking Strictly Prohibited; Pets Not Allowed",Subject to vacancy (contact management),Direct Property Verification,Official Verification,True,16.975,82.2396,Kakinada Center,https://www.google.com/maps/search/?api=1&query=Advitha+Womens+Hostel+Kakinada
PG073,Siddhi Vinayaka Luxury Boys Hostel,Paying Guest / Hostel,Santhi Nagar,"Sri Towers, 2-54-5, 6th Street, Santhi Nagar, G O Colony, Kakinada 533003",+91 86887 86212,contact@siddhivinayahostel.in,"Single, Twin Sharing, Triple Sharing, 4-Sharing","₹4,500 - ₹8,500 per month (dependent on room type & AC) (Deposit: 1 Month Rent (refundable upon proper notice))","Wi-Fi (High-speed unlimited Wi-Fi included), Food (3 Homely meals daily (typical regional Andhra menu, non-veg options on select days)), AC (Both AC and Non-AC rooms available dynamically), Two-wheeler Parking, Washing Machine / Laundry, Power Backup Inverter, 24/7 CCTV Security, Attached Bathrooms, Mineral drinking water, individual cots, and wardrobes","Food/Meals, Wi-Fi, Water, Housekeeping","Gate curfew 10:00 PM (Strict gate timings, early extensions with prior notice); Guest policy: Day guests allowed in common areas; no overnight stay without permission; Smoking Strictly Prohibited; Pets Not Allowed",Subject to vacancy (contact management),Direct Property Verification,Official Verification,True,16.9658,82.2329,Santhi Nagar,https://www.google.com/maps/search/?api=1&query=Siddhi+Vinayaka+Luxury+Boys+Hostel+Kakinada
PG074,DR.BR Ambedkar PG Boys Hostels,Paying Guest / Hostel,Rama Rao Peta,"D.no. 7-6-28, Karri Vari Street, Ramaraopeta, Kakinada 533004",+91 94934 11275,contact@drbrambedkarhostel.in,"Single, Twin Sharing, Triple Sharing, 4-Sharing","₹4,500 - ₹8,500 per month (dependent on room type & AC) (Deposit: 1 Month Rent (refundable upon proper notice))","Wi-Fi (High-speed unlimited Wi-Fi included), Food (3 Homely meals daily (typical regional Andhra menu, non-veg options on select days)), AC (Both AC and Non-AC rooms available dynamically), Two-wheeler Parking, Washing Machine / Laundry, Power Backup Inverter, 24/7 CCTV Security, Attached Bathrooms, Mineral drinking water, individual cots, and wardrobes","Food/Meals, Wi-Fi, Water, Housekeeping","Gate curfew 10:00 PM (Strict gate timings, early extensions with prior notice); Guest policy: Day guests allowed in common areas; no overnight stay without permission; Smoking Strictly Prohibited; Pets Not Allowed",Subject to vacancy (contact management),Direct Property Verification,Official Verification,True,16.9633,82.2342,Rama Rao Peta,https://www.google.com/maps/search/?api=1&query=DR.BR+Ambedkar+PG+Boys+Hostels+Kakinada
PG075,Hanuman Mens PG and Mess,Paying Guest / Hostel,Bhanugudi Junction,"Police Quarters, Bhanugudi Junction, Kakinada 533003",+91 94934 11292,contact@hanumanmensphostel.in,"Single, Twin Sharing, Triple Sharing, 4-Sharing","₹4,500 - ₹8,500 per month (dependent on room type & AC) (Deposit: 1 Month Rent (refundable upon proper notice))","Wi-Fi (High-speed unlimited Wi-Fi included), Food (3 Homely meals daily (typical regional Andhra menu, non-veg options on select days)), AC (Both AC and Non-AC rooms available dynamically), Two-wheeler Parking, Washing Machine / Laundry, Power Backup Inverter, 24/7 CCTV Security, Attached Bathrooms, Mineral drinking water, individual cots, and wardrobes","Food/Meals, Wi-Fi, Water, Housekeeping","Gate curfew 10:00 PM (Strict gate timings, early extensions with prior notice); Guest policy: Day guests allowed in common areas; no overnight stay without permission; Smoking Strictly Prohibited; Pets Not Allowed",Subject to vacancy (contact management),Direct Property Verification,Official Verification,True,16.9594,82.2388,Bhanugudi Junction,https://www.google.com/maps/search/?api=1&query=Hanuman+Mens+PG+and+Mess+Kakinada
PG076,Siva Sai Women's Hostel,Paying Guest / Hostel,Nagamalli Thota,"Siddartha Nagar, Nagamallithota Junction, Kakinada 533003",+91 94934 11309,contact@sivasaiwomenhostel.in,"Single, Twin Sharing, Triple Sharing, 4-Sharing","₹5,000 - ₹9,000 per month (dependent on room type & AC) (Deposit: 1 Month Rent (refundable upon proper notice))","Wi-Fi (High-speed unlimited Wi-Fi included), Food (3 Homely meals daily (typical regional Andhra menu, non-veg options on select days)), AC (Both AC and Non-AC rooms available dynamically), Two-wheeler Parking, Washing Machine / Laundry, Power Backup Inverter, 24/7 CCTV Security, Attached Bathrooms, Mineral drinking water, individual cots, and wardrobes","Food/Meals, Wi-Fi, Water, Housekeeping","Gate curfew 10:00 PM (Strict gate timings, early extensions with prior notice); Guest policy: Day guests allowed in common areas; no overnight stay without permission; Smoking Strictly Prohibited; Pets Not Allowed",Subject to vacancy (contact management),Direct Property Verification,Official Verification,True,16.977,82.2403,Nagamalli Thota,https://www.google.com/maps/search/?api=1&query=Siva+Sai+Women's+Hostel+Kakinada
PG077,Comfort Girls Hostel,Paying Guest / Hostel,RTC Complex Area,"Rtc Complex Road area, Kakinada 533003",+91 94934 11326,contact@comfortgirlshostel.in,"Single, Twin Sharing, Triple Sharing, 4-Sharing","₹5,000 - ₹9,000 per month (dependent on room type & AC) (Deposit: 1 Month Rent (refundable upon proper notice))","Wi-Fi (High-speed unlimited Wi-Fi included), Food (3 Homely meals daily (typical regional Andhra menu, non-veg options on select days)), AC (Both AC and Non-AC rooms available dynamically), Two-wheeler Parking, Washing Machine / Laundry, Power Backup Inverter, 24/7 CCTV Security, Attached Bathrooms, Mineral drinking water, individual cots, and wardrobes","Food/Meals, Wi-Fi, Water, Housekeeping","Gate curfew 10:00 PM (Strict gate timings, early extensions with prior notice); Guest policy: Day guests allowed in common areas; no overnight stay without permission; Smoking Strictly Prohibited; Pets Not Allowed",Subject to vacancy (contact management),Direct Property Verification,Official Verification,True,16.9527,82.2341,RTC Complex Area,https://www.google.com/maps/search/?api=1&query=Comfort+Girls+Hostel+Kakinada
PG078,Maha Lakshmi Boys Hostel,Paying Guest / Hostel,Ayodhya Nagar,"Road No 8, Dairy Farm Road, Ayodhya Nagar, Kakinada 533002",+91 94934 11343,contact@mahalakshmibhostel.in,"Single, Twin Sharing, Triple Sharing, 4-Sharing","₹4,500 - ₹8,500 per month (dependent on room type & AC) (Deposit: 1 Month Rent (refundable upon proper notice))","Wi-Fi (High-speed unlimited Wi-Fi included), Food (3 Homely meals daily (typical regional Andhra menu, non-veg options on select days)), AC (Both AC and Non-AC rooms available dynamically), Two-wheeler Parking, Washing Machine / Laundry, Power Backup Inverter, 24/7 CCTV Security, Attached Bathrooms, Mineral drinking water, individual cots, and wardrobes","Food/Meals, Wi-Fi, Water, Housekeeping","Gate curfew 10:00 PM (Strict gate timings, early extensions with prior notice); Guest policy: Day guests allowed in common areas; no overnight stay without permission; Smoking Strictly Prohibited; Pets Not Allowed",Subject to vacancy (contact management),Direct Property Verification,Official Verification,True,16.9828,82.2368,Ayodhya Nagar,https://www.google.com/maps/search/?api=1&query=Maha+Lakshmi+Boys+Hostel+Kakinada
PG079,Sree Lalitha Mens And Womens Separate Hostel,Paying Guest / Hostel,Sambhamurthy Nagar,"Sambhamurthy Nagar 5th Street, Kakinada, Andhra Pradesh 533001",+91 94934 11360,contact@sreelalithamhostel.in,"Single, Twin Sharing, Triple Sharing, 4-Sharing","₹5,000 - ₹9,000 per month (dependent on room type & AC) (Deposit: 1 Month Rent (refundable upon proper notice))","Wi-Fi (High-speed unlimited Wi-Fi included), Food (3 Homely meals daily (typical regional Andhra menu, non-veg options on select days)), AC (Both AC and Non-AC rooms available dynamically), Two-wheeler Parking, Washing Machine / Laundry, Power Backup Inverter, 24/7 CCTV Security, Attached Bathrooms, Mineral drinking water, individual cots, and wardrobes","Food/Meals, Wi-Fi, Water, Housekeeping","Gate curfew 10:00 PM (Strict gate timings, early extensions with prior notice); Guest policy: Day guests allowed in common areas; no overnight stay without permission; Smoking Strictly Prohibited; Pets Not Allowed",Subject to vacancy (contact management),Direct Property Verification,Official Verification,True,16.9642,82.2311,Sambhamurthy Nagar,https://www.google.com/maps/search/?api=1&query=Sree+Lalitha+Mens+And+Womens+Separate+Hostel+Kakinada
